<?xml version="1.0" encoding="UTF-8"?>
<beans xmlns="http://www.springframework.org/schema/beans"
	xmlns:int="http://www.springframework.org/schema/integration"
	xmlns:int-file="http://www.springframework.org/schema/integration/file"
	xmlns:int-mail="http://www.springframework.org/schema/integration/mail"
	xmlns:int-xml="http://www.springframework.org/schema/integration/xml"
	xmlns:xsi="http://www.w3.org/2001/XMLSchema-instance" xmlns:int-stream="http://www.springframework.org/schema/integration/stream"
	xsi:schemaLocation="
	http://www.springframework.org/schema/beans http://www.springframework.org/schema/beans/spring-beans.xsd
	http://www.springframework.org/schema/integration http://www.springframework.org/schema/integration/spring-integration.xsd
	http://www.springframework.org/schema/integration/stream http://www.springframework.org/schema/integration/stream/spring-integration-stream.xsd
	http://www.springframework.org/schema/integration/file http://www.springframework.org/schema/integration/file/spring-integration-file.xsd
	http://www.springframework.org/schema/integration/xml http://www.springframework.org/schema/integration/xml/spring-integration-xml.xsd">

	<!-- Adapter for reading files -->

	<int-file:inbound-channel-adapter id="producer-file-adapter"
		channel="inboundChannel" directory="file:c://inboundXML"
		prevent-duplicates="true">
		<int:poller fixed-rate="5000" />
	</int-file:inbound-channel-adapter>

	<int:channel id="inboundChannel" />

	<int-file:file-to-string-transformer
		id="file-2-string-transformer" input-channel="inboundChannel"
		output-channel="xml-inboundChannel" charset="UTF-8" />

	<int:channel id="xml-inboundChannel" />

	<!-- <int-xml:xpath-filter id="xpathFilter" -->
	<!-- input-channel="xml-inboundChannel" match-type="exact" output-channel="outboundChannel" -->
	<!-- xpath-expression-ref="filterXpathExp"> -->
	<!-- </int-xml:xpath-filter> -->
	<!-- <int-xml:xpath-expression id="filterXpathExp" -->
	<!-- expression="//country='USA'"></int-xml:xpath-expression> -->

	<int-xml:validating-filter id="validation-filter"
		input-channel="xml-inboundChannel" output-channel="outboundChannel"
		schema-location="META-INF/shiporder.xsd">
	</int-xml:validating-filter>

	<int:channel id="outboundChannel" />

	<!-- Adapter for writing files -->
	<int-file:outbound-channel-adapter
		channel="outboundChannel" id="consumer-file-adapter" directory="file:c://outbound" />

	<int:poller id="defaultPoller" default="true"
		max-messages-per-poll="5" fixed-rate="200" />

</beans>

