<?xml version="1.0" encoding="UTF-8"?>
<beans xmlns="http://www.springframework.org/schema/beans"
	xmlns:int="http://www.springframework.org/schema/integration"
	xmlns:int-file="http://www.springframework.org/schema/integration/file"
	xmlns:int-mail="http://www.springframework.org/schema/integration/mail"
	xmlns:xsi="http://www.w3.org/2001/XMLSchema-instance" xmlns:int-stream="http://www.springframework.org/schema/integration/stream"
	xsi:schemaLocation="
	http://www.springframework.org/schema/beans http://www.springframework.org/schema/beans/spring-beans.xsd
	http://www.springframework.org/schema/integration http://www.springframework.org/schema/integration/spring-integration.xsd
	http://www.springframework.org/schema/integration/stream http://www.springframework.org/schema/integration/stream/spring-integration-stream.xsd
	http://www.springframework.org/schema/integration/file http://www.springframework.org/schema/integration/file/spring-integration-file.xsd">

	<!-- Adapter for reading files -->
	<int-file:inbound-channel-adapter id="producer-file-adapter"
		channel="inboundChannel" directory="file:c://inbound"
		prevent-duplicates="true">
		<int:poller fixed-rate="5000" />
	</int-file:inbound-channel-adapter>

	<int:channel id="inboundChannel" />

	<int:filter input-channel="inboundChannel" output-channel="outboundChannel"
		ref="selector" />
	<bean id="selector" class="com.intertech.lab3.FileSelector" />

	<!-- a direct channel -->
	<int:channel id="outboundChannel" />

	<!-- Adapter for writing files -->
	<int-file:outbound-channel-adapter
		channel="outboundChannel" id="consumer-file-adapter" directory="file:c://outbound" />

	<int:poller id="defaultPoller" default="true"
		max-messages-per-poll="5" fixed-rate="200" />

</beans>

